<application>
  <component name="FileTypeManager" version="17">
    <extensionMap>
      <mapping pattern=".env.onpremise" type="PLAIN_TEXT" />
      <mapping pattern="graphql.graphqls" type="PLAIN_TEXT" />
      <mapping pattern="VasLoadingEllipsis.vue" type="PLAIN_TEXT" />
      <mapping pattern=".dockerignore" type="PLAIN_TEXT" />
      <mapping pattern=".dockerfile" type="PLAIN_TEXT" />
      <mapping pattern="VideoTest.vue" type="PLAIN_TEXT" />
      <mapping pattern=".env.dev.onpremise" type="PLAIN_TEXT" />
      <mapping pattern=".postcssrc" type="PLAIN_TEXT" />
      <mapping ext="cnf" type="PLAIN_TEXT" />
    </extensionMap>
  </component>
</application>