<application>
  <component name="MaterialThemeConfig">
    <option name="isContrastMode" value="true" />
    <option name="isHighContrast" value="true" />
    <option name="isWizardShown" value="true" />
    <option name="pristineConfig" value="false" />
    <option name="settingsSelectedTab" value="1" />
    <option name="accentColor" value="e96156" />
    <option name="selectedTheme" value="MONOKAI" />
    <option name="userId" value="-5a8d38dc:16b6f5532ad:-8000" />
    <option name="version" value="3.5.0.1" />
  </component>
</application>