<application>
  <component name="ProjectManager">
    <defaultProject>
      <component name="GradleLocalSettings">
        <option name="projectSyncType">
          <map>
            <entry key="$USER_HOME$/aiden_vas_service_discovery" value="PREVIEW" />
            <entry key="$USER_HOME$/spring_elastic" value="PREVIEW" />
          </map>
        </option>
      </component>
      <component name="PropertiesComponent">
        <property name="nodejs_interpreter_path.stuck_in_default_project" value="undefined stuck path" />
        <property name="nodejs_npm_path_reset_for_default_project" value="true" />
      </component>
    </defaultProject>
  </component>
</application>